epoch,batch,lpips,psnr,ssim,feature_loss,total_loss,resnet_loss,vgg_loss,deit_t_loss,deit_s_loss,deit_b_loss,swin_t_loss,swin_s_loss,swin_b_loss,clip_loss
6,1,0.007720978930592537,20.549419403076172,0.6126400232315063,1.643101692199707,0.17617322504520416,0.04144847393035889,0.27429455518722534,0.9651370644569397,0.26077327132225037,0.13097859919071198,0.5327945351600647,0.31646406650543213,0.3969058096408844,0.20028285682201385
6,2,0.0062227267771959305,20.6932373046875,0.4932720959186554,2.042811632156372,0.12121088057756424,0.08177763223648071,0.29628458619117737,1.491956114768982,0.3431215286254883,0.19443053007125854,0.5819048881530762,0.31822195649147034,0.4075457453727722,0.2179013341665268
6,3,0.004762873984873295,21.74068832397461,0.4695640802383423,2.4666926860809326,0.07839826494455338,0.06930463761091232,0.39144405722618103,1.4189317226409912,0.3495846688747406,0.25275588035583496,1.0576499700546265,0.4784972667694092,0.6030713319778442,0.18379482626914978
7,1,0.009858613833785057,20.471548080444336,0.5539786219596863,1.8727083206176758,0.1580919772386551,0.056344084441661835,0.31120556592941284,1.4136245250701904,0.3593922257423401,0.20980152487754822,0.42191651463508606,0.2928466498851776,0.30441561341285706,0.21047255396842957
7,2,0.004773897118866444,20.272926330566406,0.5294297337532043,2.026283025741577,0.11671674251556396,0.07761982083320618,0.3221472203731537,1.2272547483444214,0.26658204197883606,0.13045406341552734,0.8678663969039917,0.352796345949173,0.47774985432624817,0.19609567523002625
7,3,0.006264122202992439,21.19985008239746,0.4408319592475891,2.5640950202941895,0.07801403850317001,0.0657673329114914,0.3348065912723541,1.4013786315917969,0.4923202097415924,0.27934661507606506,0.8335500955581665,0.5479404926300049,0.7761660814285278,0.2247639298439026
8,1,0.013824486173689365,20.388700485229492,0.5058318376541138,2.2356207370758057,0.14132435619831085,0.03792158514261246,0.38376447558403015,1.3477377891540527,0.4975939691066742,0.29403242468833923,0.6419105529785156,0.4284937381744385,0.44477617740631104,0.21267388761043549
8,2,0.003924907650798559,19.301416397094727,0.5051165819168091,2.2228641510009766,0.09788914769887924,0.10671194642782211,0.29554688930511475,1.5985091924667358,0.24242885410785675,0.11211951822042465,0.8517171740531921,0.3931104838848114,0.5277358889579773,0.20160897076129913
8,3,0.008651195093989372,20.056737899780273,0.4175344705581665,2.348389148712158,0.10579477250576019,0.09055717289447784,0.38233107328414917,1.4356253147125244,0.5415924191474915,0.23358185589313507,0.6287771463394165,0.3451177477836609,0.6407074928283691,0.23546689748764038
